40090727,ChiaraFerragni,Founder at http://t.co/5t7HhtdAR1,273723,153
20298371,AIMEESONG,"[Ah-Meeh] Rhymes with Mommy. My mom entered me into a Fat Baby Contest when I was a year old. Host, Interior Designer, and Fashion Blogger of Song of Style.",62329,359
16252512,wendynguyen,Wendy's Lookbook | Fashion Blogger & YouTube Creator,51012,378
40090727,ChiaraFerragni,273723,153
20298371,AIMEESONG,62329,359
16252512,wendynguyen,51012,378
157994424,Kayture,36128,493
90963591,SincerelyJules,56582,436
22830044,rumineely,122310,304
112700733,garypeppergirl,34180,829
282389552,GalMeetsGlam,36106,1142
165572420,BlairEadieBEE,52657,313
54859060,BettyAutier,124774,146
1088398616,saimadhup,118,102
40090727,ChiaraFerragni,273723,153
